"Symbol","Date","Open","High","Low","Close","Percent Change","Volume"
"SANIMA","2024-12-26","300","315","296.6","307","1.99 %","70,976.00"
"SANIMA","2024-12-24","305","306","297","301","-0.63 %","36,105.00"
"SANIMA","2024-12-23","299","302.9","293.5","302.9","1.30 %","71,110.00"
"SANIMA","2024-12-22","294.1","303.9","294.1","299","-0.37 %","43,436.00"
"SANIMA","2024-12-19","306","309","300","300.1","-1.93 %","108,839.00"
"SANIMA","2024-12-18","304.5","310","301","306","0.62 %","57,468.00"
"SANIMA","2024-12-17","305","310","303.6","304.1","-1.46 %","45,154.00"
"SANIMA","2024-12-16","315","315","304","308.6","-0.74 %","59,124.00"
"SANIMA","2024-12-12","322.3","322.3","309.3","310.9","-1.61 %","32,942.00"
"SANIMA","2024-12-11","313.6","316","305","316","2.76 %","50,740.00"
"SANIMA","2024-12-10","310","310","306.9","307.5","0.16 %","55,930.00"
"SANIMA","2024-12-09","310","313","304","307","-0.97 %","65,636.00"
"SANIMA","2024-12-08","313.8","314","308.2","310","-1.21 %","68,129.00"
"SANIMA","2024-12-05","310.2","317","310.2","313.8","-0.85 %","99,424.00"
"SANIMA","2024-12-04","323.3","323.3","314.3","316.5","-0.16 %","68,254.00"
"SANIMA","2024-12-03","324.9","324.9","314.6","317","-0.50 %","85,541.00"
"SANIMA","2024-12-02","325.5","325.5","318.1","318.6","-0.19 %","116,626.00"
"SANIMA","2024-12-01","329.4","329.4","316.7","319.2","-1.18 %","164,678.00"
"SANIMA","2024-11-28","320","324","318.1","323","0.94 %","101,408.00"
"SANIMA","2024-11-27","321.9","321.9","318","320","0.63 %","100,603.00"
"SANIMA","2024-11-26","315.4","318.9","314.2","318","0.82 %","99,030.00"
"SANIMA","2024-11-25","308","316","308","315.4","0.48 %","120,089.00"
"SANIMA","2024-11-24","320","320","313","313.9","-0.38 %","92,588.00"
"SANIMA","2024-11-21","323","323","315","315.1","-0.91 %","123,848.00"
"SANIMA","2024-11-20","319","319.9","317.7","318","-0.41 %","84,949.00"
"SANIMA","2024-11-19","323","323","318","319.3","-1.15 %","117,540.00"
"SANIMA","2024-11-17","325","328","322","323","0.06 %","113,998.00"
"SANIMA","2024-11-14","327.9","327.9","319.1","322.8","0.40 %","87,693.00"
"SANIMA","2024-11-13","322","324","320","321.5","-0.46 %","69,644.00"
"SANIMA","2024-11-12","327","329","322.1","323","-1.22 %","60,313.00"
"SANIMA","2024-11-11","328","330","324","327","0.31 %","158,371.00"
"SANIMA","2024-11-10","334.5","334.5","321.4","326","-0.61 %","112,951.00"
"SANIMA","2024-11-06","328.9","329","324.1","328","1.14 %","144,534.00"
"SANIMA","2024-11-05","327","328","323.4","324.3","-0.67 %","42,934.00"
"SANIMA","2024-10-30","329","330","324","326.5","-0.76 %","51,016.00"
"SANIMA","2024-10-29","326.9","331","323","329","1.86 %","93,790.00"
"SANIMA","2024-10-28","320.9","323","318.2","323","1.67 %","88,536.00"
"SANIMA","2024-10-27","319","322.9","317.1","317.7","-1.64 %","101,440.00"
"SANIMA","2024-10-24","332.5","339.1","319.6","323","-0.92 %","81,457.00"
"SANIMA","2024-10-23","330","342.7","325","326","-3.03 %","178,643.00"
"SANIMA","2024-10-22","334","345","332","336.2","0.66 %","86,255.00"
"SANIMA","2024-10-21","347.3","347.3","333","334","-1.91 %","103,753.00"
"SANIMA","2024-10-20","342","351","336.1","340.5","-2.16 %","138,063.00"
"SANIMA","2024-10-17","348","351.7","344.1","348","0.00 %","223,487.00"
"SANIMA","2024-10-16","349.5","350","346","348","0.81 %","93,610.00"
"SANIMA","2024-10-15","342.3","347.6","336","345.2","0.85 %","148,071.00"
"SANIMA","2024-10-09","350.9","350.9","338","342.3","-4.39 %","555,318.00"
"SANIMA","2024-10-08","365","365","357","358","-0.67 %","181,187.00"
"SANIMA","2024-10-07","363.4","364.5","356.3","360.4","1.15 %","243,777.00"
"SANIMA","2024-10-06","343","358","342","356.3","3.25 %","138,482.00"
"SANIMA","2024-10-02","350","351","342.2","345.1","-0.29 %","169,155.00"
"SANIMA","2024-10-01","333","348","333","346.1","3.93 %","169,866.00"
"SANIMA","2024-09-30","326.1","335.5","326.1","333","0.33 %","95,382.00"
"SANIMA","2024-09-29","325","333","324","331.9","0.39 %","69,023.00"
"SANIMA","2024-09-26","326","334","326","330.6","0.92 %","87,733.00"
"SANIMA","2024-09-25","320.1","328.8","318.1","327.6","2.34 %","87,286.00"
"SANIMA","2024-09-24","327","333","319.7","320.1","-2.11 %","109,553.00"
"SANIMA","2024-09-23","336.6","336.6","327","327","-0.91 %","105,790.00"
"SANIMA","2024-09-22","332.6","339","326.4","330","1.20 %","84,479.00"
"SANIMA","2024-09-18","325","333","322.1","326.1","0.34 %","115,099.00"
"SANIMA","2024-09-16","323.2","329","322.6","325","0.00 %","72,812.00"
"SANIMA","2024-09-15","332","342","324.7","325","-1.87 %","117,260.00"
"SANIMA","2024-09-12","327.8","335","319.1","331.2","3.05 %","96,245.00"
"SANIMA","2024-09-11","325","330","321.3","321.4","-1.11 %","75,066.00"
"SANIMA","2024-09-10","326","333.4","325","325","-0.58 %","117,702.00"
"SANIMA","2024-09-09","333","335","325.5","326.9","-2.13 %","168,715.00"
"SANIMA","2024-09-08","342.7","349.5","333","334","-0.60 %","101,629.00"
"SANIMA","2024-09-05","340","340","332.5","336","-0.86 %","122,219.00"
"SANIMA","2024-09-04","355.1","355.1","338.3","338.9","-2.67 %","115,208.00"
"SANIMA","2024-09-03","359","360","346","348.2","-1.36 %","157,249.00"
"SANIMA","2024-09-02","338","353.7","333.2","353","4.75 %","196,609.00"
"SANIMA","2024-09-01","340","351.9","336.1","337","-2.60 %","138,471.00"
"SANIMA","2024-08-29","358","358","345.1","346","-1.98 %","161,994.00"
"SANIMA","2024-08-28","358","367","351","353","0.57 %","197,871.00"
"SANIMA","2024-08-27","372","372","350","351","-5.14 %","346,554.00"
"SANIMA","2024-08-25","375","377","366","370","-1.99 %","354,667.00"
"SANIMA","2024-08-22","370","382","369","377.5","2.03 %","353,358.00"
"SANIMA","2024-08-21","370","375","358.1","370","0.27 %","297,048.00"
"SANIMA","2024-08-18","370","381","361","369","0.54 %","477,464.00"
"SANIMA","2024-08-15","354","373.5","352","367","5.73 %","735,532.00"
"SANIMA","2024-08-14","347","353.9","343","347.1","-0.54 %","234,526.00"
"SANIMA","2024-08-13","351.3","355","343.1","349","0.46 %","270,895.00"
"SANIMA","2024-08-12","340","350.9","340","347.4","2.63 %","350,247.00"
"SANIMA","2024-08-11","329","340","329","338.5","3.20 %","286,122.00"
"SANIMA","2024-08-08","329","335","324.4","328","-0.30 %","159,106.00"
"SANIMA","2024-08-07","310","330","310","329","6.13 %","307,468.00"
"SANIMA","2024-08-06","342","343","308","310","-9.36 %","397,900.00"
"SANIMA","2024-08-05","345","351.9","340","342","-0.87 %","207,535.00"
"SANIMA","2024-08-01","346","355","340","345","-0.58 %","271,160.00"
"SANIMA","2024-07-31","344","352","338.1","347","0.87 %","323,306.00"
"SANIMA","2024-07-30","343","350","329","344","-1.15 %","319,933.00"
"SANIMA","2024-07-29","364.6","371","343","348","-2.66 %","560,058.00"
"SANIMA","2024-07-28","331","357.5","331","357.5","10.00 %","578,373.00"
"SANIMA","2024-07-25","320","326","314","325","1.56 %","395,072.00"
"SANIMA","2024-07-24","320","329","317","320","0.00 %","496,990.00"
"SANIMA","2024-07-23","310","320","304","320","3.23 %","315,502.00"
"SANIMA","2024-07-22","319","319","304.2","310","-1.62 %","311,975.00"
"SANIMA","2024-07-21","304.5","319.1","301","315.1","3.45 %","512,917.00"
"SANIMA","2024-07-18","295","314","287","304.6","5.03 %","346,544.00"
"SANIMA","2024-07-17","288.6","291","283","290","2.47 %","172,441.00"
"SANIMA","2024-07-16","281.9","285.5","278","283","1.43 %","72,372.00"
"SANIMA","2024-07-15","284.5","286.5","276","279","-1.76 %","189,133.00"
"SANIMA","2024-07-14","283.5","285","276","284","2.16 %","198,358.00"
"SANIMA","2024-07-11","273.2","279","268.5","278","3.77 %","157,409.00"
"SANIMA","2024-07-10","267.4","268.1","262.2","267.9","2.17 %","97,938.00"
"SANIMA","2024-07-09","255.5","265","255.5","262.2","0.73 %","50,498.00"
"SANIMA","2024-07-08","263.1","266","259","260.3","-0.80 %","64,989.00"
"SANIMA","2024-07-07","260.1","267","260","262.4","0.92 %","100,197.00"
"SANIMA","2024-07-04","260","264","256.6","260","0.00 %","105,957.00"
"SANIMA","2024-07-03","253.5","260","252.2","260","2.56 %","60,914.00"
"SANIMA","2024-07-02","250.9","265.2","250.9","253.5","3.05 %","74,489.00"
"SANIMA","2024-07-01","245","246","240.1","246","2.20 %","31,353.00"
"SANIMA","2024-06-30","245","246.9","240","240.7","-1.76 %","41,437.00"
"SANIMA","2024-06-27","245.1","246.9","242","245","-0.12 %","23,331.00"
"SANIMA","2024-06-26","247.2","250","245.1","245.3","-0.73 %","23,518.00"
"SANIMA","2024-06-25","250","250","247","247.1","-0.76 %","28,940.00"
"SANIMA","2024-06-24","248.1","249","246.7","249","0.04 %","43,395.00"
"SANIMA","2024-06-23","250","250","248","248.9","-0.44 %","26,035.00"
"SANIMA","2024-06-20","256","256","247.1","250","-0.40 %","40,536.00"
"SANIMA","2024-06-19","253","253","248.1","251","1.17 %","24,467.00"
"SANIMA","2024-06-18","250","252.2","248","248.1","-0.96 %","44,786.00"
"SANIMA","2024-06-16","256","256","250","250.5","-0.60 %","34,392.00"
"SANIMA","2024-06-13","260","260","251.3","252","-1.56 %","34,035.00"
"SANIMA","2024-06-12","258","258","252","256","1.19 %","44,791.00"
"SANIMA","2024-06-11","254.4","254.4","248.5","253","1.40 %","63,955.00"
"SANIMA","2024-06-10","254","254","249","249.5","0.16 %","49,398.00"
"SANIMA","2024-06-09","256.2","256.2","249.1","249.1","-0.84 %","50,303.00"
"SANIMA","2024-06-06","250.2","253.1","250","251.2","-0.71 %","70,294.00"
"SANIMA","2024-06-05","254.5","255","251","253","0.60 %","36,229.00"
"SANIMA","2024-06-04","256","256","251.1","251.5","-0.28 %","35,715.00"
"SANIMA","2024-06-03","258","263","250","252.2","-0.32 %","26,561.00"
"SANIMA","2024-06-02","254","256","250.8","253","-0.78 %","79,569.00"
"SANIMA","2024-05-30","256","260","254","255","-2.30 %","54,777.00"
"SANIMA","2024-05-29","270.3","270.4","261","261","-1.51 %","102,506.00"
"SANIMA","2024-05-27","264","267","260","265","0.38 %","72,654.00"
"SANIMA","2024-05-26","267","267","259.2","264","-1.12 %","87,701.00"
"SANIMA","2024-05-22","260","271.9","260","267","1.91 %","212,525.00"
"SANIMA","2024-05-21","260.5","263","256.4","262","2.14 %","119,445.00"
"SANIMA","2024-05-20","248","265.1","248","256.5","3.39 %","156,616.00"
"SANIMA","2024-05-19","246.8","254","242.2","248.1","2.52 %","101,086.00"
"SANIMA","2024-05-16","245.8","245.8","240.1","242","0.41 %","44,967.00"
"SANIMA","2024-05-15","244.8","259","240","241","0.42 %","57,410.00"
"SANIMA","2024-05-14","243","243.7","238","240","0.42 %","60,222.00"
"SANIMA","2024-05-13","235","244.6","234.5","239","1.66 %","67,455.00"
"SANIMA","2024-05-12","236.6","240","232","235.1","1.34 %","74,015.00"
"SANIMA","2024-05-09","236","236","230","232","-0.09 %","35,084.00"
"SANIMA","2024-05-08","236","236","230","232.2","0.17 %","14,268.00"
"SANIMA","2024-05-07","230","233","228","231.8","0.35 %","18,662.00"
"SANIMA","2024-05-06","235","235","228.8","231","-0.47 %","48,857.00"
"SANIMA","2024-05-05","234","235","229","232.1","-1.44 %","25,108.00"
"SANIMA","2024-05-02","243.3","243.3","235","235.5","-1.30 %","23,695.00"
"SANIMA","2024-04-30","237.7","238.6","233.1","238.6","2.36 %","22,271.00"
"SANIMA","2024-04-29","237.5","237.5","232.9","233.1","0.09 %","14,734.00"
"SANIMA","2024-04-28","235.1","235.1","229.6","232.9","1.04 %","40,186.00"
"SANIMA","2024-04-25","229.1","234","229.1","230.5","-1.07 %","36,598.00"
"SANIMA","2024-04-24","230","233","228.6","233","1.30 %","30,104.00"
"SANIMA","2024-04-22","236","236","230","230","-1.29 %","34,846.00"
"SANIMA","2024-04-21","231.5","233","229.3","233","0.00 %","28,586.00"
"SANIMA","2024-04-18","233","233.8","230.4","233","-0.17 %","26,952.00"
"SANIMA","2024-04-16","232.2","235","232.2","233.4","-0.68 %","18,100.00"
"SANIMA","2024-04-15","236","237","233.4","235","-0.42 %","21,187.00"
"SANIMA","2024-04-14","241.5","241.5","235","236","-0.80 %","29,590.00"
"SANIMA","2024-04-10","239.1","239.1","235","237.9","-1.69 %","22,291.00"
"SANIMA","2024-04-09","239","242","238","242","1.47 %","39,688.00"
"SANIMA","2024-04-07","238","239","233.7","238.5","1.92 %","33,863.00"
"SANIMA","2024-04-04","235","237.5","233","234","-0.43 %","20,093.00"
"SANIMA","2024-04-03","235","237","233.2","235","0.17 %","23,042.00"
"SANIMA","2024-04-02","236.1","236.1","232.6","234.6","0.86 %","25,598.00"
"SANIMA","2024-04-01","236","237.9","232.5","232.6","-1.44 %","50,686.00"
"SANIMA","2024-03-31","237.1","239","235","236","-0.25 %","32,079.00"
"SANIMA","2024-03-28","238","238","233.1","236.6","0.17 %","23,553.00"
"SANIMA","2024-03-27","233.1","237","233","236.2","0.72 %","24,222.00"
"SANIMA","2024-03-26","238","240","234.5","234.5","-1.43 %","33,765.00"
"SANIMA","2024-03-25","240","240","236","237.9","-1.12 %","30,458.00"
"SANIMA","2024-03-21","245","245","240.6","240.6","-0.33 %","33,318.00"
"SANIMA","2024-03-20","244.9","244.9","240.1","241.4","0.17 %","31,595.00"
"SANIMA","2024-03-19","240.2","248","240.2","241","-1.23 %","29,182.00"
"SANIMA","2024-03-18","245","246","242","244","-1.21 %","24,511.00"
"SANIMA","2024-03-17","248","249.9","244.4","247","0.82 %","13,899.00"
"SANIMA","2024-03-14","247","249.9","245","245","-1.76 %","36,243.00"
"SANIMA","2024-03-13","248","252.9","247","249.4","0.56 %","33,903.00"
"SANIMA","2024-03-12","246","249","245","248","2.48 %","38,505.00"
"SANIMA","2024-03-10","245","245","242","242","-0.41 %","19,067.00"
"SANIMA","2024-03-07","245.7","245.7","241","243","0.83 %","22,358.00"
"SANIMA","2024-03-06","240","243","236","241","1.26 %","38,772.00"
"SANIMA","2024-03-05","244","244","237","238","-2.46 %","34,265.00"
"SANIMA","2024-03-04","238.6","244","238.6","244","4.27 %","170.00"
"SANIMA","2024-03-03","235","235","230.6","234","-0.09 %","40,003.00"
"SANIMA","2024-02-29","238","239","234","234.2","-0.76 %","26,978.00"
"SANIMA","2024-02-28","238.5","239","236","236","-0.42 %","14,376.00"
"SANIMA","2024-02-27","239.9","239.9","234","237","0.00 %","28,861.00"
"SANIMA","2024-02-26","233","237.7","233","237","1.67 %","18,455.00"
"SANIMA","2024-02-25","236","236","232","233.1","-0.77 %","38,003.00"
"SANIMA","2024-02-22","235.5","239.6","234.7","234.9","-0.04 %","50,606.00"
"SANIMA","2024-02-21","244.8","246","235","235","-2.08 %","56,471.00"
"SANIMA","2024-02-20","244","244","237","240","-0.33 %","34,331.00"
"SANIMA","2024-02-18","242","244","237.6","240.8","-0.45 %","36,314.00"
"SANIMA","2024-02-15","244","246.9","241","241.9","-1.27 %","42,234.00"
"SANIMA","2024-02-14","245","246.9","243","245","0.41 %","18,282.00"
"SANIMA","2024-02-13","250","250","243.2","244","-2.40 %","29,936.00"
"SANIMA","2024-02-12","249","251.9","245.1","250","0.64 %","54,182.00"
"SANIMA","2024-02-11","249","252","248","248.4","-0.24 %","42,894.00"
"SANIMA","2024-02-08","246","250","245","249","1.22 %","28,218.00"
"SANIMA","2024-02-07","249.9","250","245.1","246","0.12 %","31,875.00"
"SANIMA","2024-02-06","247.9","247.9","243","245.7","0.99 %","22,843.00"
"SANIMA","2024-02-05","240","244","239.9","243.3","0.95 %","34,571.00"
"SANIMA","2024-02-04","244","244","240","241","-0.62 %","29,905.00"
"SANIMA","2024-02-01","245","247","242.2","242.5","-1.62 %","39,591.00"
"SANIMA","2024-01-31","246","250.1","245","246.5","-0.44 %","27,296.00"
"SANIMA","2024-01-30","251.8","251.8","246","247.6","-0.16 %","47,604.00"
"SANIMA","2024-01-29","247","250","247","248","0.40 %","31,553.00"
"SANIMA","2024-01-28","253","253.6","247","247","-0.80 %","44,800.00"
"SANIMA","2024-01-25","251.9","251.9","247.1","249","0.00 %","35,115.00"
"SANIMA","2024-01-24","250.8","251.9","245.8","249","1.26 %","51,553.00"
"SANIMA","2024-01-23","246","250","244.2","245.9","0.29 %","53,854.00"
"SANIMA","2024-01-22","250.4","254","245","245.2","-3.84 %","100,856.00"
"SANIMA","2024-01-21","261","263","251","255","-2.30 %","69,391.00"
"SANIMA","2024-01-18","260.1","264.8","260.1","261","-1.51 %","50,969.00"
"SANIMA","2024-01-17","268.2","273","264","265","-0.19 %","66,061.00"
"SANIMA","2024-01-16","256","265.5","256","265.5","2.91 %","87,906.00"
"SANIMA","2024-01-14","259.5","259.5","253","258","0.78 %","37,925.00"
"SANIMA","2024-01-11","260","260","254.8","256","0.00 %","35,321.00"
"SANIMA","2024-01-10","250.1","258","250.1","256","2.81 %","41,784.00"
"SANIMA","2024-01-09","245.4","250","245.2","249","1.67 %","40,261.00"
"SANIMA","2024-01-08","245.1","247","242","244.9","0.29 %","43,515.00"
"SANIMA","2024-01-07","251.9","251.9","244.2","244.2","-2.71 %","63,928.00"
"SANIMA","2024-01-04","255","255","250.2","251","-0.40 %","41,876.00"
"SANIMA","2024-01-03","252.9","252.9","248","252","0.40 %","30,004.00"
"SANIMA","2024-01-02","252","254","248","251","-0.40 %","48,239.00"
"SANIMA","2024-01-01","252","259","251","252","-0.79 %","53,936.00"
"SANIMA","2023-12-28","257","257","253.1","254","-1.17 %","42,896.00"
"SANIMA","2023-12-27","258","260","255.8","257","-0.39 %","55,594.00"
"SANIMA","2023-12-24","263.3","265","258","258","-2.90 %","65,527.00"
"SANIMA","2023-12-21","270","272","265.1","265.7","-1.59 %","49,615.00"
"SANIMA","2023-12-20","275","276","268.1","270","0.11 %","64,555.00"
"SANIMA","2023-12-19","263","270","263","269.7","2.55 %","56,749.00"
"SANIMA","2023-12-18","259","268.7","259","263","1.94 %","63,395.00"
"SANIMA","2023-12-17","250","258","250","258","1.18 %","38,410.00"
"SANIMA","2023-12-14","255","255","251","255","-0.39 %","35,246.00"
"SANIMA","2023-12-13","253","257","252","256","1.19 %","41,263.00"
"SANIMA","2023-12-12","250","254","247.1","253","0.80 %","48,642.00"
"SANIMA","2023-12-11","257.8","258","246.3","251","-0.79 %","57,288.00"
"SANIMA","2023-12-10","239.1","253","239.1","253","7.89 %","2,787.00"
"SANIMA","2023-12-07","235.2","238.9","234","234.5","-0.42 %","20,047.00"
"SANIMA","2023-12-06","235","236","234","235.5","0.26 %","24,932.00"
"SANIMA","2023-12-05","233","235","232.3","234.9","-0.17 %","15,259.00"
"SANIMA","2023-12-04","235.3","240","235","235.3","-0.68 %","13,879.00"
"SANIMA","2023-12-03","239","239","235.6","236.9","-0.42 %","18,525.00"
"SANIMA","2023-11-30","240","240","235.2","237.9","-0.63 %","12,831.00"
"SANIMA","2023-11-29","239","239.9","238","239.4","0.17 %","9,858.00"
"SANIMA","2023-11-28","240","244.8","238","239","-0.42 %","10,750.00"
"SANIMA","2023-11-27","244","244.9","239.2","240","-1.23 %","10,964.00"
"SANIMA","2023-11-26","236","243","235","243","2.57 %","27,927.00"
"SANIMA","2023-11-23","239","239","234","236.9","-0.04 %","13,866.00"
"SANIMA","2023-11-22","237.5","237.5","232","237","0.25 %","6,846.00"
"SANIMA","2023-11-21","238","239.5","233","236.4","-0.30 %","12,711.00"
"SANIMA","2023-11-20","236.1","239.7","236.1","237.1","0.68 %","14,121.00"
"SANIMA","2023-11-09","235.1","236","232","235.5","-0.38 %","15,821.00"
"SANIMA","2023-11-08","241","242.9","235","236.4","-1.29 %","17,260.00"
"SANIMA","2023-11-07","236.2","240.5","236.1","239.5","1.53 %","11,633.00"
"SANIMA","2023-11-06","230","239","230","235.9","2.57 %","17,527.00"
"SANIMA","2023-11-05","231","232","229","230","-1.29 %","24,400.00"
"SANIMA","2023-11-02","235","237","233","233","-0.85 %","17,456.00"
"SANIMA","2023-11-01","242.7","242.7","234","235","-1.26 %","26,233.00"
"SANIMA","2023-10-31","244.7","244.7","237","238","-1.86 %","20,494.00"
"SANIMA","2023-10-30","241","242.9","237","242.5","0.25 %","23,889.00"
"SANIMA","2023-10-29","249","250","239","241.9","-2.77 %","22,651.00"
"SANIMA","2023-10-19","247.9","249","242","248.8","1.59 %","16,684.00"
"SANIMA","2023-10-18","238.9","245.7","232.1","244.9","3.82 %","23,270.00"
"SANIMA","2023-10-17","233","236","232.5","235.9","2.12 %","27,394.00"
"SANIMA","2023-10-16","228.5","232.4","225.5","231","1.05 %","31,828.00"
"SANIMA","2023-10-12","237.9","237.9","228.6","228.6","-2.72 %","45,119.00"
"SANIMA","2023-10-11","238","238.9","233.7","235","-0.09 %","34,320.00"
"SANIMA","2023-10-10","237","241","234.5","235.2","-1.01 %","25,686.00"
"SANIMA","2023-10-09","248","248","233.3","237.6","-3.97 %","51,367.00"
"SANIMA","2023-10-08","271.6","272","268","269.7","-0.66 %","149,576.00"
"SANIMA","2023-10-05","275","277.9","271","271.5","-1.02 %","56,670.00"
"SANIMA","2023-10-04","280","280.1","274.2","274.3","-0.62 %","41,926.00"
"SANIMA","2023-10-03","280","283","275","276","-0.50 %","51,653.00"
"SANIMA","2023-10-02","278","280","274","277.4","0.07 %","39,711.00"
"SANIMA","2023-10-01","286","286","277","277.2","-2.74 %","55,755.00"
"SANIMA","2023-09-27","283","286.7","281.1","285","0.11 %","38,368.00"
"SANIMA","2023-09-26","291","297.5","284.3","284.7","-0.45 %","41,758.00"
"SANIMA","2023-09-25","287","289.6","285","286","-0.35 %","67,603.00"
"SANIMA","2023-09-24","291","293.5","285.1","287","-0.80 %","44,440.00"
"SANIMA","2023-09-21","294.8","298","289","289.3","0.07 %","82,584.00"
"SANIMA","2023-09-19","291","291","287.5","289.1","0.38 %","24,246.00"
"SANIMA","2023-09-18","289.5","292","286","288","-0.52 %","29,867.00"
"SANIMA","2023-09-17","302","302","289","289.5","-4.11 %","121,242.00"
"SANIMA","2023-09-13","301.7","302","296","301.9","1.65 %","59,168.00"
"SANIMA","2023-09-12","300","301.7","295","297","-0.67 %","65,329.00"
"SANIMA","2023-09-11","298","300","294","299","2.05 %","69,267.00"
"SANIMA","2023-09-10","295","297.5","292.2","293","1.03 %","41,615.00"
"SANIMA","2023-09-07","295","297","290","290","-2.03 %","38,547.00"
"SANIMA","2023-09-05","295","297.6","294","296","0.34 %","24,799.00"
"SANIMA","2023-09-04","295","297.9","293.2","295","0.65 %","36,840.00"
"SANIMA","2023-09-03","299","299","293","293.1","-1.31 %","51,769.00"
"SANIMA","2023-08-30","296","300","296","297","0.85 %","55,219.00"
"SANIMA","2023-08-29","295.5","298","294.2","294.5","-0.17 %","27,544.00"
"SANIMA","2023-08-28","296","297.9","294.3","295","-0.24 %","54,605.00"
"SANIMA","2023-08-27","303","303","294","295.7","-1.10 %","52,993.00"
"SANIMA","2023-08-24","307.5","307.5","298.2","299","-1.32 %","51,381.00"
"SANIMA","2023-08-23","297.5","303.5","297","303","1.17 %","53,451.00"
"SANIMA","2023-08-22","302","302","298","299.5","0.50 %","48,422.00"
"SANIMA","2023-08-21","302","303.3","296","298","-0.67 %","59,609.00"
"SANIMA","2023-08-20","304.9","304.9","299.1","300","-0.27 %","48,327.00"
"SANIMA","2023-08-17","306","306","300","300.8","0.27 %","58,747.00"
"SANIMA","2023-08-16","302","302","298","300","-0.66 %","65,141.00"
"SANIMA","2023-08-15","306","308","301","302","-1.31 %","84,703.00"
"SANIMA","2023-08-14","308","310","304","306","0.66 %","193,352.00"
"SANIMA","2023-08-13","298","308","296","304","2.70 %","163,017.00"
"SANIMA","2023-08-10","299","299.9","295.2","296","-0.97 %","69,910.00"
"SANIMA","2023-08-09","297","299","290","298.9","1.67 %","95,581.00"
"SANIMA","2023-08-08","300","301","293","294","-1.67 %","82,760.00"
"SANIMA","2023-08-07","299","300.8","292.2","299","0.67 %","134,907.00"
"SANIMA","2023-08-06","297.8","307","295","297","1.71 %","425,427.00"
"SANIMA","2023-08-03","295","296.9","291","292","0.34 %","95,045.00"
"SANIMA","2023-08-02","292","293.9","288","291","0.00 %","70,738.00"
"SANIMA","2023-08-01","293.9","298","287","291","0.76 %","105,460.00"
"SANIMA","2023-07-31","288","291","278","288.8","2.05 %","101,377.00"
"SANIMA","2023-07-30","292","292.1","281.4","283","-1.19 %","100,678.00"
"SANIMA","2023-07-27","292","293","285","286.4","-0.38 %","104,347.00"
"SANIMA","2023-07-26","283.8","293.6","278.5","287.5","1.30 %","101,536.00"
"SANIMA","2023-07-25","295","295","283.3","283.8","-3.73 %","116,234.00"
"SANIMA","2023-07-24","300","301.9","291","294.8","-2.06 %","167,155.00"
"SANIMA","2023-07-23","288.1","303.9","285","301","5.24 %","209,416.00"
"SANIMA","2023-07-20","290.2","294","285.1","286","-1.45 %","124,653.00"
"SANIMA","2023-07-19","285","293.5","280","290.2","1.82 %","120,386.00"
"SANIMA","2023-07-18","279","287.6","276","285","3.64 %","208,259.00"
"SANIMA","2023-07-17","264","275","259.3","275","5.57 %","147,938.00"
"SANIMA","2023-07-16","256","263","254.2","260.5","2.56 %","35,482.00"
"SANIMA","2023-07-13","260","262.9","250.9","254","-1.51 %","149,038.00"
"SANIMA","2023-07-12","253","259","253","257.9","0.55 %","47,017.00"
"SANIMA","2023-07-11","255","256.9","253","256.5","0.59 %","59,121.00"
"SANIMA","2023-07-10","256","260","253","255","0.00 %","94,410.00"
"SANIMA","2023-07-09","258.8","262.9","254","255","0.47 %","74,913.00"
"SANIMA","2023-07-06","250.3","255.9","250.3","253.8","-0.47 %","50,629.00"
"SANIMA","2023-07-05","257","262","254.1","255","-1.77 %","52,717.00"
"SANIMA","2023-07-04","260.3","265","256","259.6","-0.27 %","50,905.00"
"SANIMA","2023-07-03","260","264.1","258","260.3","-0.27 %","87,812.00"
"SANIMA","2023-07-02","260","266","258","261","0.42 %","150,829.00"
"SANIMA","2023-06-28","270","271.9","258","259.9","-2.11 %","98,427.00"
"SANIMA","2023-06-27","255","267","253.1","265.5","4.94 %","170,634.00"
"SANIMA","2023-06-26","252","256","250","253","1.40 %","59,291.00"
"SANIMA","2023-06-25","246","250.2","245","249.5","1.71 %","49,867.00"
"SANIMA","2023-06-22","245","248.5","245","245.3","-0.73 %","32,549.00"
"SANIMA","2023-06-21","250","253.9","247.1","247.1","-0.76 %","71,495.00"
"SANIMA","2023-06-20","250","254.9","248","249","-0.80 %","29,651.00"
"SANIMA","2023-06-19","250","253","248","251","-0.28 %","59,865.00"
"SANIMA","2023-06-18","253","254","247","251.7","0.96 %","70,962.00"
"SANIMA","2023-06-15","251","251","245","249.3","-0.24 %","45,170.00"
"SANIMA","2023-06-14","249","253","247","249.9","2.29 %","85,819.00"
"SANIMA","2023-06-13","247.8","247.8","240.3","244.3","0.53 %","45,478.00"
"SANIMA","2023-06-12","243.1","247.7","243","243","0.04 %","61,779.00"
"SANIMA","2023-06-11","239","245","239","242.9","1.63 %","34,052.00"
"SANIMA","2023-06-08","243","243","239","239","-0.21 %","35,178.00"
"SANIMA","2023-06-07","241.1","243","239","239.5","-0.50 %","39,779.00"
"SANIMA","2023-06-06","240","244","240","240.7","-0.54 %","40,057.00"
"SANIMA","2023-06-05","242","246","240","242","0.04 %","53,499.00"
"SANIMA","2023-06-04","238","247.5","238","241.9","1.64 %","33,684.00"
"SANIMA","2023-06-01","239","240","236.1","238","0.04 %","54,835.00"
"SANIMA","2023-05-31","242","244","235.5","237.9","-2.14 %","35,377.00"
"SANIMA","2023-05-30","247","247","242","243.1","-1.58 %","31,499.00"
"SANIMA","2023-05-28","244.1","252","244.1","247","-0.40 %","75,475.00"
"SANIMA","2023-05-24","247","250.5","245","248","0.40 %","25,508.00"
"SANIMA","2023-05-23","243","250","243","247","1.65 %","37,120.00"
"SANIMA","2023-05-22","246.5","246.6","241.7","243","0.00 %","22,849.00"
"SANIMA","2023-05-21","244.9","246","242","243","0.83 %","28,638.00"
"SANIMA","2023-05-18","240.1","244.4","239.9","241","0.46 %","30,470.00"
"SANIMA","2023-05-17","244","244.9","235.3","239.9","-0.04 %","30,766.00"
"SANIMA","2023-05-16","238","242.7","233.4","240","0.84 %","17,708.00"
"SANIMA","2023-05-15","241.7","241.7","235","238","0.00 %","30,473.00"
"SANIMA","2023-05-14","240","244.8","237","237","-2.07 %","53,109.00"
"SANIMA","2023-05-11","242","244","241","242","0.00 %","15,807.00"
"SANIMA","2023-05-10","242.1","245.8","241","242","0.41 %","38,072.00"
"SANIMA","2023-05-09","240","244","240","241","0.42 %","24,155.00"
"SANIMA","2023-05-08","239.6","243","239.6","240","-0.41 %","22,709.00"
"SANIMA","2023-05-07","245","245","240.2","241","0.00 %","25,866.00"
"SANIMA","2023-05-04","247.1","257","239.6","241","-0.54 %","31,818.00"
"SANIMA","2023-05-03","241","244.9","240","242.3","-0.29 %","32,248.00"
"SANIMA","2023-05-02","244","246","241.2","243","-0.57 %","17,867.00"
"SANIMA","2023-04-30","244","245.9","241.3","244.4","0.16 %","34,526.00"
"SANIMA","2023-04-27","241.2","245.5","241.2","244","0.49 %","18,560.00"
"SANIMA","2023-04-26","243","246.9","242.1","242.8","-0.49 %","18,391.00"
"SANIMA","2023-04-25","236","244","236","244","1.67 %","26,978.00"
"SANIMA","2023-04-24","241","245.7","240","240","-0.87 %","36,267.00"
"SANIMA","2023-04-23","248","248","242","242.1","-1.18 %","30,677.00"
"SANIMA","2023-04-20","242.5","249","242.5","245","-0.97 %","24,460.00"
"SANIMA","2023-04-19","242.9","247.7","241","247.4","3.86 %","40,105.00"
"SANIMA","2023-04-18","245.9","247","238","238.2","-1.98 %","35,687.00"
"SANIMA","2023-04-17","244","248.8","240.5","243","-1.22 %","27,367.00"
"SANIMA","2023-04-16","248","251","244.1","246","-1.01 %","43,159.00"
"SANIMA","2023-04-13","250.5","251","243","248.5","0.69 %","40,149.00"
"SANIMA","2023-04-12","239.3","247","239.3","246.8","5.07 %","65,426.00"
"SANIMA","2023-04-11","233","235","229.5","234.9","2.13 %","21,913.00"
"SANIMA","2023-04-10","235","235.9","229","230","-1.16 %","54,630.00"
"SANIMA","2023-04-09","240.7","240.7","229.5","232.7","-1.40 %","81,506.00"
"SANIMA","2023-04-06","244.8","244.8","235.2","236","-1.67 %","24,432.00"
"SANIMA","2023-04-05","233.2","241","232","240","2.13 %","46,862.00"
"SANIMA","2023-04-04","239.9","239.9","233","235","-0.09 %","30,510.00"
"SANIMA","2023-04-03","238","238","235","235.2","-1.13 %","25,797.00"
"SANIMA","2023-04-02","241.8","246.5","237.5","237.9","-1.61 %","56,366.00"
"SANIMA","2023-03-30","240.1","247.8","240","241.8","-0.49 %","21,266.00"
"SANIMA","2023-03-29","241","243","239","243","1.25 %","21,135.00"
"SANIMA","2023-03-28","242","246","238","240","-0.25 %","36,606.00"
"SANIMA","2023-03-27","236.6","241","235","240.6","1.05 %","36,962.00"
"SANIMA","2023-03-26","239.1","243","238","238.1","-1.04 %","36,985.00"
"SANIMA","2023-03-23","244.9","246","236","240.6","-0.58 %","44,492.00"
"SANIMA","2023-03-22","244.9","245","240","242","-0.62 %","30,666.00"
"SANIMA","2023-03-20","243","243.9","239.4","243.5","1.88 %","24,078.00"
"SANIMA","2023-03-19","239","242","238.5","239","-0.29 %","34,007.00"
"SANIMA","2023-03-16","244","244","238.1","239.7","-0.75 %","34,591.00"
"SANIMA","2023-03-15","241","244.6","238.5","241.5","0.21 %","24,582.00"
"SANIMA","2023-03-14","242","242.4","237","241","0.84 %","23,103.00"
"SANIMA","2023-03-13","247","247","238","239","-1.65 %","42,849.00"
"SANIMA","2023-03-12","246.5","248","241","243","-1.22 %","34,599.00"
"SANIMA","2023-03-09","240.7","250.9","236","246","4.24 %","54,292.00"
"SANIMA","2023-03-07","235","240","234.3","236","0.43 %","38,072.00"
"SANIMA","2023-03-05","235.1","237","233","235","-0.42 %","29,177.00"
"SANIMA","2023-03-02","236","245","235","236","-0.76 %","30,530.00"
"SANIMA","2023-03-01","238","241.7","236","237.8","-1.25 %","27,481.00"
"SANIMA","2023-02-28","244","244","237","240.8","0.33 %","23,903.00"
"SANIMA","2023-02-27","240.1","244","236.1","240","0.00 %","38,831.00"
"SANIMA","2023-02-26","240","240.5","232.3","240","0.42 %","32,114.00"
"SANIMA","2023-02-23","236","244.9","233.1","239","0.84 %","70,274.00"
"SANIMA","2023-02-22","234.6","239.2","233.1","237","3.04 %","21,128.00"
"SANIMA","2023-02-20","242","244","230","230","-3.36 %","199,727.00"
"SANIMA","2023-02-16","242","247","238","238","-3.09 %","73,296.00"
"SANIMA","2023-02-15","247","251","244.1","245.6","-1.76 %","91,336.00"
"SANIMA","2023-02-14","255","255","246.7","250","-0.40 %","33,366.00"
"SANIMA","2023-02-12","253","253","248","251","-2.71 %","40,537.00"
"SANIMA","2023-02-09","255","262","254","258","-0.27 %","67,207.00"
"SANIMA","2023-02-08","256.2","265","256.2","258.7","1.25 %","62,087.00"
"SANIMA","2023-02-07","248","256","248","255.5","3.44 %","49,408.00"
"SANIMA","2023-02-06","246.1","248","244.2","247","0.41 %","12,207.00"
"SANIMA","2023-02-05","245","248","244","246","0.41 %","32,467.00"
"SANIMA","2023-02-02","250","250","241","245","-0.77 %","67,025.00"
"SANIMA","2023-02-01","250","265","244.1","246.9","-0.44 %","34,981.00"
"SANIMA","2023-01-31","251.1","253","247","248","-2.13 %","35,527.00"
"SANIMA","2023-01-30","259.1","262.5","252.5","253.4","-2.84 %","40,297.00"
"SANIMA","2023-01-29","259","265","259","260.8","0.69 %","63,662.00"
"SANIMA","2023-01-26","266","266","259","259","-1.89 %","34,958.00"
"SANIMA","2023-01-25","260.1","265","260.1","264","0.00 %","103,738.00"
"SANIMA","2023-01-24","264","266.5","259.7","264","1.50 %","54,640.00"
"SANIMA","2023-01-23","261","270","257","260.1","1.60 %","78,948.00"
"SANIMA","2023-01-19","252","260","250","256","0.39 %","43,895.00"
"SANIMA","2023-01-18","258","260","253","255","0.31 %","65,967.00"
"SANIMA","2023-01-17","259","260.1","253","254.2","-2.27 %","51,370.00"
"SANIMA","2023-01-12","267","277.7","257.1","260.1","-0.73 %","98,762.00"
"SANIMA","2023-01-10","260","275.2","259","262","1.95 %","201,262.00"
"SANIMA","2023-01-09","242.1","258","241.1","257","4.86 %","161,446.00"
"SANIMA","2023-01-08","249","251.9","244","245.1","-0.69 %","56,395.00"
"SANIMA","2023-01-05","242","246.8","238","246.8","1.77 %","59,299.00"
"SANIMA","2023-01-04","239","242.7","235.2","242.5","2.11 %","29,700.00"
"SANIMA","2023-01-03","241","241","237","237.5","-1.04 %","37,602.00"
"SANIMA","2023-01-02","240","243","236","240","0.42 %","26,429.00"
"SANIMA","2023-01-01","240","244","238","239","-0.42 %","35,790.00"
"SANIMA","2022-12-29","234.1","241","230","240","2.04 %","127,607.00"
"SANIMA","2022-12-28","237","239.5","235","235.2","-0.76 %","21,297.00"
"SANIMA","2022-12-27","234.6","241.4","231.2","237","3.04 %","40,604.00"
"SANIMA","2022-12-26","227.4","230.1","227","230","2.68 %","14,930.00"
"SANIMA","2022-12-22","224","225.5","222.1","224","0.00 %","24,150.00"
"SANIMA","2022-12-21","229.9","230","224","224","-0.88 %","16,383.00"
"SANIMA","2022-12-20","227.5","227.5","223.2","226","1.07 %","12,211.00"
"SANIMA","2022-12-19","223","224.5","222.2","223.6","0.27 %","12,064.00"
"SANIMA","2022-12-18","223","225","223","223","-1.28 %","11,305.00"
"SANIMA","2022-12-15","227","227","223","225.9","0.94 %","12,600.00"
"SANIMA","2022-12-14","222","226.5","222","223.8","0.27 %","7,492.00"
"SANIMA","2022-12-13","224.5","227.5","223","223.2","-1.24 %","44,187.00"
"SANIMA","2022-12-12","230","230","224","226","-0.26 %","18,688.00"
"SANIMA","2022-12-11","231","231.5","226.6","226.6","-3.20 %","24,436.00"
"SANIMA","2022-12-07","238","239","234","234.1","-2.01 %","13,811.00"
"SANIMA","2022-12-06","242","242","237.2","238.9","-1.28 %","14,270.00"
"SANIMA","2022-12-05","245","246","241.2","242","-2.10 %","24,795.00"
"SANIMA","2022-12-04","272","273","270","271.9","1.08 %","94,387.00"
"SANIMA","2022-12-01","266.9","269","264.6","269","0.75 %","27,594.00"
"SANIMA","2022-11-30","268","268.4","265","267","0.38 %","29,341.00"
"SANIMA","2022-11-29","263","267","263","266","0.57 %","19,120.00"
"SANIMA","2022-11-28","268","268","264.5","264.5","-1.12 %","25,180.00"
"SANIMA","2022-11-27","267","269","264","267.5","0.75 %","29,861.00"
"SANIMA","2022-11-24","267","267","264","265.5","0.57 %","10,750.00"
"SANIMA","2022-11-23","269","269.5","263","264","-0.75 %","19,570.00"
"SANIMA","2022-11-22","268","271","265","266","0.49 %","28,934.00"
"SANIMA","2022-11-17","265","267","262","264.7","1.03 %","26,942.00"
"SANIMA","2022-11-16","259","263","256","262","1.31 %","12,354.00"
"SANIMA","2022-11-15","260","263","258","258.6","-0.54 %","16,698.00"
"SANIMA","2022-11-14","256","260","255","260","1.56 %","20,823.00"
"SANIMA","2022-11-13","257","258","254","256","0.39 %","18,023.00"
"SANIMA","2022-11-10","255.2","260","252.2","255","-0.78 %","30,760.00"
"SANIMA","2022-11-09","265","265","257","257","-2.98 %","39,783.00"
"SANIMA","2022-11-08","267","267","263.1","264.9","-0.49 %","13,335.00"
"SANIMA","2022-11-07","269","269","265","266.2","-0.30 %","27,253.00"
"SANIMA","2022-11-06","262.2","267","261","267","0.95 %","33,048.00"
"SANIMA","2022-11-03","269.9","270","264.5","264.5","-2.00 %","26,370.00"
"SANIMA","2022-11-02","274","277","263.7","269.9","-0.77 %","49,519.00"
"SANIMA","2022-11-01","265","275","263.1","272","2.64 %","39,552.00"
"SANIMA","2022-10-31","266","273","260","265","0.61 %","46,696.00"
"SANIMA","2022-10-23","259","263.5","256.4","263.4","3.70 %","46,328.00"
"SANIMA","2022-10-20","251","254","249.1","254","1.20 %","14,864.00"
"SANIMA","2022-10-19","255","256.9","249","251","-0.40 %","27,851.00"
"SANIMA","2022-10-17","248.1","255","248.1","252","2.40 %","25,456.00"
"SANIMA","2022-10-16","253.7","258.7","245.6","246.1","-1.09 %","33,490.00"
"SANIMA","2022-10-13","249","255.5","242","248.8","1.07 %","48,092.00"
"SANIMA","2022-10-12","244.1","252","244.1","249","1.22 %","16,410.00"
"SANIMA","2022-10-11","252","253","246","246","-2.38 %","22,753.00"
"SANIMA","2022-10-10","258","258","252","252","-1.18 %","18,322.00"
"SANIMA","2022-10-09","257.4","257.4","253","255","0.79 %","19,603.00"
"SANIMA","2022-09-29","247","254.9","247","253","2.43 %","14,751.00"
"SANIMA","2022-09-28","245","248.5","240.1","247","2.49 %","7,193.00"
"SANIMA","2022-09-27","240","246.8","237","241","0.42 %","15,611.00"
"SANIMA","2022-09-25","236.9","241","233","240","-0.70 %","29,891.00"
"SANIMA","2022-09-22","246","246","240.7","241.7","-0.78 %","12,876.00"
"SANIMA","2022-09-21","243.9","246","237","243.6","0.83 %","27,595.00"
"SANIMA","2022-09-20","246","246","237.6","241.6","-1.79 %","26,385.00"
"SANIMA","2022-09-18","249","249","243.2","246","-1.60 %","38,623.00"
"SANIMA","2022-09-16","253.9","253.9","244","250","-0.75 %","34,212.00"
"SANIMA","2022-09-15","258","258","251.6","251.9","-2.36 %","19,966.00"
"SANIMA","2022-09-14","259","261.9","256.2","258","0.78 %","33,647.00"
"SANIMA","2022-09-13","256","256.8","253","256","1.19 %","17,783.00"
"SANIMA","2022-09-12","253","255","252.1","253","0.32 %","22,074.00"
"SANIMA","2022-09-11","256.9","257","252","252.2","-0.32 %","14,865.00"
"SANIMA","2022-09-08","255","255","250.6","253","-0.75 %","31,499.00"
"SANIMA","2022-09-07","256.9","257","252.1","254.9","0.75 %","9,664.00"
"SANIMA","2022-09-06","251.5","256","251.5","253","-0.08 %","17,283.00"
"SANIMA","2022-09-05","252.3","256.5","252","253.2","0.08 %","15,424.00"
"SANIMA","2022-09-04","254","256.8","253","253","-0.39 %","15,860.00"
"SANIMA","2022-09-02","253.1","257","252.5","254","-0.66 %","17,035.00"
"SANIMA","2022-09-01","253.5","256","253","255.7","0.35 %","19,497.00"
"SANIMA","2022-08-31","253","256","253","254.8","-0.04 %","13,693.00"
"SANIMA","2022-08-30","255","260","254","254.9","-0.08 %","17,965.00"
"SANIMA","2022-08-29","257","260","253.3","255.1","-1.47 %","27,923.00"
"SANIMA","2022-08-28","261","261","255.5","258.9","-0.42 %","21,667.00"
"SANIMA","2022-08-26","266","267","259","260","-2.26 %","21,929.00"
"SANIMA","2022-08-25","265","270","265","266","-1.30 %","19,099.00"
"SANIMA","2022-08-24","270","271","265.6","269.5","0.94 %","23,950.00"
"SANIMA","2022-08-23","258","269.9","258","267","1.91 %","34,622.00"
"SANIMA","2022-08-22","256.1","262.5","256.1","262","1.95 %","25,689.00"
"SANIMA","2022-08-21","260","263","256.7","257","-0.19 %","38,430.00"
"SANIMA","2022-08-18","257","260","254","257.5","0.19 %","14,075.00"
"SANIMA","2022-08-17","258","263","257","257","-1.15 %","23,473.00"
"SANIMA","2022-08-16","256","261","256","260","1.56 %","31,988.00"
"SANIMA","2022-08-15","248","261.9","248","256","1.19 %","20,009.00"
"SANIMA","2022-08-14","254","259","253","253","-0.43 %","19,177.00"
"SANIMA","2022-08-11","254.1","258","253.3","254.1","0.04 %","21,981.00"
"SANIMA","2022-08-10","258","258.9","253","254","-1.55 %","38,799.00"
"SANIMA","2022-08-09","265.9","265.9","256.8","258","-1.15 %","49,231.00"
"SANIMA","2022-08-08","266","266","260","261","-0.38 %","31,169.00"
"SANIMA","2022-08-07","261","266","261","262","-0.38 %","27,318.00"
"SANIMA","2022-08-05","271","271","260.1","263","-1.31 %","23,563.00"
"SANIMA","2022-08-04","269","271","266","266.5","-2.42 %","43,929.00"
"SANIMA","2022-08-03","278","278","273","273.1","-1.41 %","46,713.00"
"SANIMA","2022-08-02","280","280","274","277","-0.72 %","33,823.00"
"SANIMA","2022-08-01","279","280","276","279","1.45 %","75,256.00"
"SANIMA","2022-07-31","263","275","261","275","5.73 %","91,322.00"
"SANIMA","2022-07-29","260","265","260","260.1","0.04 %","63,326.00"
"SANIMA","2022-07-28","257","268.4","257","260","-0.76 %","70,505.00"
"SANIMA","2022-07-27","267","268","256","262","-0.57 %","82,957.00"
"SANIMA","2022-07-26","270.1","272","263","263.5","-2.41 %","63,007.00"
"SANIMA","2022-07-25","275","278.9","269","270","0.00 %","73,731.00"
"SANIMA","2022-07-24","271","274","261","270","1.12 %","30,767.00"
"SANIMA","2022-07-22","270","270","266","267","-1.48 %","23,851.00"
"SANIMA","2022-07-21","275","275.2","270","271","-0.91 %","68,027.00"
"SANIMA","2022-07-20","274","275","270","273.5","-0.04 %","49,655.00"
"SANIMA","2022-07-19","270","277","270","273.6","0.59 %","32,313.00"
"SANIMA","2022-07-18","275","275","267.6","272","-0.33 %","53,133.00"
"SANIMA","2022-07-17","280","280","269","272.9","-1.12 %","27,954.00"
"SANIMA","2022-07-15","260","283","259","276","7.02 %","51,762.00"
"SANIMA","2022-07-14","266","267","257.9","257.9","-1.90 %","160,541.00"
"SANIMA","2022-07-13","260","264.9","257.1","262.9","1.12 %","117,895.00"
"SANIMA","2022-07-12","254","260","249","260","2.77 %","47,194.00"
"SANIMA","2022-07-11","260.1","260.2","252.9","253","-2.69 %","55,890.00"
"SANIMA","2022-07-08","272.3","272.3","260","260","-2.62 %","48,937.00"
"SANIMA","2022-07-07","267","277","264.6","267","-1.84 %","73,488.00"
"SANIMA","2022-07-06","276.4","276.4","265.7","272","0.37 %","32,594.00"
"SANIMA","2022-07-05","270","273.3","268","271","0.30 %","38,299.00"
"SANIMA","2022-07-04","278.4","282","270.2","270.2","-1.03 %","100,665.00"
"SANIMA","2022-07-03","274","278","269.1","273","-0.36 %","63,228.00"
"SANIMA","2022-07-01","282","282","272.1","274","-1.93 %","30,004.00"
"SANIMA","2022-06-30","272","279.4","270","279.4","2.72 %","59,764.00"
"SANIMA","2022-06-29","270","273.9","268","272","0.00 %","33,195.00"
"SANIMA","2022-06-28","272","272","263.7","272","0.00 %","26,781.00"
"SANIMA","2022-06-27","280.5","285","270.1","272","-2.16 %","37,951.00"
"SANIMA","2022-06-26","271.3","278","270","278","4.51 %","31,774.00"
"SANIMA","2022-06-24","262","274","257","266","0.11 %","21,723.00"
"SANIMA","2022-06-23","265","267","261.5","265.7","-1.04 %","17,811.00"
"SANIMA","2022-06-22","272","273.9","268.5","268.5","-1.10 %","22,161.00"
"SANIMA","2022-06-21","268","273","268","271.5","1.31 %","28,375.00"
"SANIMA","2022-06-20","271","272","267","268","-1.83 %","38,144.00"
"SANIMA","2022-06-19","280","280","271.5","273","-0.73 %","20,893.00"
"SANIMA","2022-06-17","276","277.5","274","275","0.18 %","11,559.00"
"SANIMA","2022-06-16","270","277.5","270","274.5","-0.15 %","67,005.00"
"SANIMA","2022-06-15","278","278.2","265","274.9","-1.43 %","56,408.00"
"SANIMA","2022-06-14","283","283","277","278.9","-0.39 %","25,837.00"
"SANIMA","2022-06-13","284.5","286","270","280","-1.86 %","331,856.00"
"SANIMA","2022-06-10","282.1","287","282","285.3","-0.59 %","14,141.00"
"SANIMA","2022-06-09","289","292","281.5","287","1.06 %","30,022.00"
"SANIMA","2022-06-08","284","288","274.9","284","1.25 %","56,972.00"
"SANIMA","2022-06-07","287","290","280","280.5","-3.24 %","45,440.00"
"SANIMA","2022-06-06","290","291.5","286","289.9","0.66 %","26,277.00"
"SANIMA","2022-06-03","291","292","285","288","-1.71 %","44,483.00"
"SANIMA","2022-06-02","299","299.8","290.1","293","-0.34 %","24,118.00"
"SANIMA","2022-06-01","293","301","292","294","0.38 %","20,751.00"
"SANIMA","2022-05-31","293","295","290","292.9","-0.71 %","31,160.00"
"SANIMA","2022-05-30","300","300","294.7","295","-1.34 %","37,275.00"
"SANIMA","2022-05-27","303","303.7","298","299","-1.16 %","28,494.00"
"SANIMA","2022-05-26","300.1","305","299","302.5","0.83 %","36,856.00"
"SANIMA","2022-05-25","302","302","297","300","0.33 %","26,954.00"
"SANIMA","2022-05-24","297","301","295","299","0.50 %","29,803.00"
"SANIMA","2022-05-23","301.8","302","296.5","297.5","-1.42 %","28,517.00"
"SANIMA","2022-05-20","308.2","308.2","301","301.8","-0.30 %","18,625.00"
"SANIMA","2022-05-19","303","305","301","302.7","-0.39 %","26,003.00"
"SANIMA","2022-05-18","304","305","300","303.9","-0.01 %","30,317.00"
"SANIMA","2022-05-17","315","315","305.1","305.8","-2.61 %","11,627.00"
"SANIMA","2022-05-12","320","320","309","314","0.00 %","22,214.00"
"SANIMA","2022-05-11","309","316","308","314","1.62 %","26,475.00"
"SANIMA","2022-05-10","306","309.9","303","309","3.00 %","28,726.00"
"SANIMA","2022-05-09","302.9","304.5","295","300","0.33 %","41,675.00"
"SANIMA","2022-05-08","302","302","293","299","-0.66 %","37,306.00"
"SANIMA","2022-05-05","305","305","300","301","-0.66 %","24,627.00"
"SANIMA","2022-05-04","305","305","299.8","303","-0.56 %","35,810.00"
"SANIMA","2022-05-02","310","310","303","304.7","-1.39 %","39,389.00"
"SANIMA","2022-04-28","318","318","308","309","-1.21 %","46,461.00"
"SANIMA","2022-04-27","308","313","307.5","312.8","0.13 %","33,814.00"
"SANIMA","2022-04-26","311","316","311","312.4","-0.19 %","12,732.00"
"SANIMA","2022-04-25","316","318","312","313","-0.32 %","23,389.00"
"SANIMA","2022-04-24","307.5","315","307.5","314","2.28 %","46,301.00"
"SANIMA","2022-04-21","312.5","312.5","306","307","-1.95 %","63,665.00"
"SANIMA","2022-04-20","315","320","312","313.1","-0.60 %","23,798.00"
"SANIMA","2022-04-19","311","318","311","315","0.00 %","26,229.00"
"SANIMA","2022-04-18","317.5","318","311","315","-0.60 %","43,034.00"
"SANIMA","2022-04-17","317","325","316","316.9","-0.03 %","37,229.00"
"SANIMA","2022-04-13","316.1","318","314","317","0.63 %","31,584.00"
"SANIMA","2022-04-12","315","317.9","313","315","0.00 %","45,974.00"
"SANIMA","2022-04-11","319","325","314","315","0.13 %","52,932.00"
"SANIMA","2022-04-07","320","320","314.6","314.6","-0.13 %","70,891.00"
"SANIMA","2022-04-06","317","324","314","315","-1.22 %","39,275.00"
"SANIMA","2022-04-05","325","325","316.5","318.9","-0.65 %","71,156.00"
"SANIMA","2022-04-04","323","325","319","321","-0.62 %","67,518.00"
"SANIMA","2022-04-03","321.3","325","319.4","323","0.56 %","25,112.00"
"SANIMA","2022-03-31","325","332","320","321.2","-0.62 %","71,820.00"
"SANIMA","2022-03-30","323","325","322.2","323.2","0.06 %","67,618.00"
"SANIMA","2022-03-29","327","327","322","323","-0.62 %","44,230.00"
"SANIMA","2022-03-28","328","329","324.1","325","-0.91 %","68,015.00"
"SANIMA","2022-03-27","336","336","327.4","328","-1.26 %","55,695.00"
"SANIMA","2022-03-24","334.1","337","332.2","332.2","-0.89 %","33,607.00"
"SANIMA","2022-03-23","340","340","335","335.2","-1.03 %","37,830.00"
"SANIMA","2022-03-22","340","340","334","338.7","1.10 %","66,187.00"
"SANIMA","2022-03-21","335","335.5","329","335","0.00 %","46,666.00"
"SANIMA","2022-03-20","339","340","332","335","-0.36 %","44,513.00"
"SANIMA","2022-03-16","340","340","334","336.2","-1.38 %","61,454.00"
"SANIMA","2022-03-15","346","346","338","340.9","-0.61 %","54,912.00"
"SANIMA","2022-03-14","343","343.9","337.6","343","1.63 %","24,357.00"
"SANIMA","2022-03-13","331","341","330","337.5","2.86 %","84,280.00"
"SANIMA","2022-03-10","326","329.9","323","328.1","0.40 %","43,848.00"
"SANIMA","2022-03-09","330","330.9","324.1","326.8","0.52 %","60,487.00"
"SANIMA","2022-03-07","332","332","323","325.1","-0.28 %","55,568.00"
"SANIMA","2022-03-06","326","332","325.2","326","0.00 %","65,869.00"
"SANIMA","2022-03-02","330","332","322.1","326","-1.51 %","82,983.00"
"SANIMA","2022-02-28","340","340","329.6","331","-1.02 %","78,521.00"
"SANIMA","2022-02-27","332","336","330","334.4","0.42 %","28,879.00"
"SANIMA","2022-02-24","336.5","338","331.1","333","-1.19 %","48,777.00"
"SANIMA","2022-02-23","340.1","342","337","337","-0.33 %","44,419.00"
"SANIMA","2022-02-22","340","343","338","338.1","0.03 %","46,629.00"
"SANIMA","2022-02-21","340","343","336","338","0.00 %","64,069.00"
"SANIMA","2022-02-20","340","343","325","338","-1.46 %","43,187.00"
"SANIMA","2022-02-17","345","346","342","343","-0.35 %","35,697.00"
"SANIMA","2022-02-16","350","350","343","344.2","-0.23 %","23,386.00"
"SANIMA","2022-02-15","350","350.2","342.5","345","0.00 %","97,302.00"
"SANIMA","2022-02-14","342","354","342","345","-0.86 %","59,328.00"
"SANIMA","2022-02-13","348","352","341","348","-1.97 %","80,768.00"
"SANIMA","2022-02-10","360","360","353","355","-0.84 %","50,955.00"
"SANIMA","2022-02-09","364","364","355.1","358","-0.61 %","47,307.00"
"SANIMA","2022-02-08","370","377.2","360","360.2","0.00 %","48,181.00"
"SANIMA","2022-02-07","363.5","365","360","363.5","0.14 %","22,657.00"
"SANIMA","2022-02-06","368","368","362.6","363","-1.63 %","53,066.00"
"SANIMA","2022-02-03","376","376.3","368","369","0.00 %","66,693.00"
"SANIMA","2022-02-01","367","369","359.7","369","0.54 %","84,378.00"
"SANIMA","2022-01-31","376","377","364","367","-0.81 %","34,113.00"
"SANIMA","2022-01-30","367","375","367","370","2.75 %","59,035.00"
"SANIMA","2022-01-27","358","363","357","360.1","0.31 %","33,397.00"
"SANIMA","2022-01-26","365","365","356","359","-1.64 %","49,631.00"
"SANIMA","2022-01-25","374.3","374.3","356","365","-0.54 %","73,933.00"
"SANIMA","2022-01-24","380","381","367","367","-4.18 %","92,034.00"
"SANIMA","2022-01-23","391","392","381","383","-2.05 %","75,601.00"
"SANIMA","2022-01-20","391","396.5","385.5","391","-0.26 %","61,543.00"
"SANIMA","2022-01-19","396","402","391.5","392","-1.01 %","81,500.00"
"SANIMA","2022-01-18","398","402","390","396","0.25 %","117,028.00"
"SANIMA","2022-01-17","397","400","390","395","0.51 %","72,704.00"
"SANIMA","2022-01-16","384","396","383","393","2.34 %","154,581.00"
"SANIMA","2022-01-13","384","385","373","384","1.05 %","71,088.00"
"SANIMA","2022-01-12","384.1","390","379","380","-1.04 %","78,811.00"
"SANIMA","2022-01-11","385","388","381","384","-0.26 %","87,321.00"
"SANIMA","2022-01-10","384","390","382","385","0.03 %","91,331.00"
"SANIMA","2022-01-09","370.5","390","370.5","384.9","1.83 %","177,321.00"
"SANIMA","2022-01-06","377","381.9","375","378","0.53 %","61,095.00"
"SANIMA","2022-01-05","384","392.5","373","376","-1.54 %","80,827.00"
"SANIMA","2022-01-04","368","384","365","381.9","2.66 %","62,937.00"
"SANIMA","2022-01-03","367.9","377","366","372","2.48 %","55,415.00"
"SANIMA","2022-01-02","354","365","354","363","2.54 %","53,951.00"
"SANIMA","2021-12-29","355","356","350","354","0.57 %","40,088.00"
"SANIMA","2021-12-28","355","355","338.2","352","-1.12 %","36,901.00"
"SANIMA","2021-12-27","355","363","355","356","-0.56 %","63,171.00"
"SANIMA","2021-12-26","355","362","348.5","358","2.29 %","53,556.00"
"SANIMA","2021-12-23","347","353","344.1","350","0.72 %","37,310.00"
"SANIMA","2021-12-22","340","349","340","347.5","3.12 %","24,319.00"
"SANIMA","2021-12-21","338","340","332","337","1.51 %","17,326.00"
"SANIMA","2021-12-20","341.8","341.8","328","332","-0.93 %","40,645.00"
"SANIMA","2021-12-16","340","340","333","335.1","-1.44 %","20,844.00"
"SANIMA","2021-12-15","347.8","355","330.1","340","-0.29 %","53,525.00"
"SANIMA","2021-12-14","328","345","324.2","341","5.83 %","16,643.00"
"SANIMA","2021-12-13","326","326","319","322.2","-1.47 %","45,060.00"
"SANIMA","2021-12-12","338","340","327","327","-3.54 %","43,009.00"
"SANIMA","2021-12-09","341","345","335","339","-1.45 %","35,942.00"
"SANIMA","2021-12-08","357","357","342","344","-1.71 %","34,025.00"
"SANIMA","2021-12-07","358","359","350","350","-0.28 %","37,126.00"
"SANIMA","2021-12-06","353.9","354","340","351","0.29 %","54,999.00"
"SANIMA","2021-12-05","352","358","350","350","-1.96 %","59,627.00"
"SANIMA","2021-12-02","360","365","357","357","-0.83 %","38,037.00"
"SANIMA","2021-12-01","361","365","358","360","0.28 %","31,431.00"
"SANIMA","2021-11-30","362","362.5","355","359","0.56 %","48,904.00"
"SANIMA","2021-11-29","359","366","355","357","-1.11 %","94,402.00"
"SANIMA","2021-11-28","373.1","375","360","361","-3.76 %","71,149.00"
"SANIMA","2021-11-25","378.5","382","373","375.1","-0.50 %","43,608.00"
"SANIMA","2021-11-24","381.9","381.9","373","377","-1.28 %","59,461.00"
"SANIMA","2021-11-23","387.9","387.9","381.1","381.9","-1.55 %","41,575.00"
"SANIMA","2021-11-22","385","388.4","383","387.9","1.02 %","36,330.00"
"SANIMA","2021-11-21","393","394.9","384","384","-1.29 %","40,428.00"
"SANIMA","2021-11-18","398","400","386","389","-1.77 %","46,042.00"
"SANIMA","2021-11-17","405","407.8","395","396","-1.25 %","39,497.00"
"SANIMA","2021-11-16","386","404.9","381","401","3.89 %","71,340.00"
"SANIMA","2021-11-15","385","390","382.2","386","0.52 %","35,600.00"
"SANIMA","2021-11-14","390.5","390.5","380","384","0.26 %","45,599.00"
"SANIMA","2021-11-11","385","390","380","383","-1.79 %","60,551.00"
"SANIMA","2021-11-09","397.1","399","385","390","-2.50 %","113,804.00"
"SANIMA","2021-11-08","406","406","400","400","-1.19 %","56,228.00"
"SANIMA","2021-11-03","410","410","404.8","404.8","-0.78 %","63,025.00"
"SANIMA","2021-11-02","412","412","405","408","0.49 %","38,314.00"
"SANIMA","2021-11-01","413","413","405","406","0.25 %","90,725.00"
"SANIMA","2021-10-31","405","408","402","405","0.37 %","142,919.00"
"SANIMA","2021-10-28","410","414","403","403.5","-1.10 %","86,887.00"
"SANIMA","2021-10-27","405","412","398","408","1.34 %","108,666.00"
"SANIMA","2021-10-26","410","410","401","402.6","-0.10 %","117,960.00"
"SANIMA","2021-10-25","402","405.9","395","403","0.25 %","104,486.00"
"SANIMA","2021-10-24","418","418","394","402","-3.78 %","143,104.00"
"SANIMA","2021-10-21","500","500","487","488.8","-1.03 %","550,763.00"
"SANIMA","2021-10-20","498","504","490","493.9","0.80 %","106,955.00"
"SANIMA","2021-10-19","500","500","480.2","490","-1.80 %","151,621.00"
"SANIMA","2021-10-18","510","510","496","499","-2.16 %","195,487.00"
"SANIMA","2021-10-17","522","522","503","510","-0.39 %","106,071.00"
"SANIMA","2021-10-11","519","520","504","512","0.00 %","196,559.00"
"SANIMA","2021-10-10","519","519","509","512","0.59 %","154,944.00"
"SANIMA","2021-10-06","509.5","514.7","502.1","509","1.60 %","81,944.00"
"SANIMA","2021-10-05","506","506","497.6","501","0.60 %","107,730.00"
"SANIMA","2021-10-04","500","505","488","498","0.00 %","90,673.00"
"SANIMA","2021-10-03","504","506","496.5","498","-1.19 %","122,633.00"
"SANIMA","2021-09-30","520.2","520.2","500","504","-1.18 %","102,748.00"
"SANIMA","2021-09-29","508.9","511","494","510","2.20 %","121,614.00"
"SANIMA","2021-09-28","499","510","492","499","-1.58 %","182,729.00"
"SANIMA","2021-09-27","518","518","500.8","507","-2.12 %","159,371.00"
"SANIMA","2021-09-26","529.9","532","515","518","-1.97 %","302,896.00"
"SANIMA","2021-09-23","520.2","549","520.2","528.4","3.61 %","638,916.00"
"SANIMA","2021-09-22","479","510","478.1","510","8.51 %","245,062.00"
"SANIMA","2021-09-21","469","484","455","470","0.30 %","120,962.00"
"SANIMA","2021-09-20","481","489","468.6","468.6","-2.64 %","172,577.00"
"SANIMA","2021-09-16","495","495","480.6","481.3","-3.16 %","135,986.00"
"SANIMA","2021-09-15","500","502","493","497","-1.00 %","79,000.00"
"SANIMA","2021-09-14","507","511.9","501","502","-0.97 %","90,104.00"
"SANIMA","2021-09-13","510","512","500","506.9","0.58 %","84,252.00"
"SANIMA","2021-09-12","500.8","505","489","504","2.65 %","100,465.00"
"SANIMA","2021-09-09","494","499","486","491","0.14 %","106,852.00"
"SANIMA","2021-09-08","507.9","507.9","485","490.3","-1.55 %","113,583.00"
"SANIMA","2021-09-07","515","517","495.4","498","-2.54 %","130,062.00"
"SANIMA","2021-09-06","490","517","481","511","4.29 %","163,012.00"
"SANIMA","2021-09-05","498","505","480","490","-1.61 %","234,517.00"
"SANIMA","2021-09-02","516.1","516.1","494.1","498","-1.58 %","146,789.00"
"SANIMA","2021-09-01","516","516","498","506","-0.20 %","202,887.00"
"SANIMA","2021-08-31","518","518","503.1","507","-2.12 %","187,793.00"
"SANIMA","2021-08-29","525","533","514","518","-0.77 %","203,354.00"
"SANIMA","2021-08-26","522","527","518","522","-0.55 %","112,130.00"
"SANIMA","2021-08-25","530","530","521","524.9","-0.96 %","91,720.00"
"SANIMA","2021-08-24","538.5","546","525","530","-1.03 %","174,989.00"
"SANIMA","2021-08-19","540","545","534.1","535.5","-0.46 %","99,845.00"
"SANIMA","2021-08-18","540","546","525","538","0.58 %","174,754.00"
"SANIMA","2021-08-17","540","540","530","534.9","-0.94 %","157,313.00"
"SANIMA","2021-08-16","551.9","552","537.2","540","-0.37 %","120,528.00"
"SANIMA","2021-08-15","547.6","555","537.5","542","-1.02 %","228,190.00"
"SANIMA","2021-08-12","546.8","553.8","537","547.6","0.15 %","123,043.00"
"SANIMA","2021-08-11","550.1","557","545","546.8","-0.40 %","105,063.00"
"SANIMA","2021-08-10","535","555","535","549","1.67 %","136,076.00"
"SANIMA","2021-08-09","549","549","535.1","540","-0.74 %","92,182.00"
"SANIMA","2021-08-08","550","552","539","544","-0.26 %","70,379.00"
"SANIMA","2021-08-05","541","547","536.6","545.4","0.98 %","106,591.00"
"SANIMA","2021-08-04","538","542","534","540.1","0.39 %","103,379.00"
"SANIMA","2021-08-03","545","545","532","538","0.37 %","63,210.00"
"SANIMA","2021-08-02","537","540","532","536","0.26 %","86,379.00"
"SANIMA","2021-08-01","540","541","532","534.6","-0.26 %","110,657.00"
"SANIMA","2021-07-29","539","542.1","534","536","-0.56 %","99,302.00"
"SANIMA","2021-07-28","550","554.8","535.2","539","-0.92 %","128,103.00"
"SANIMA","2021-07-27","533.2","547","525","544","0.00 %","333,567.00"
"SANIMA","2021-07-26","564.9","564.9","540.3","544","-3.36 %","421,642.00"
"SANIMA","2021-07-25","554","563","545.2","562.9","3.47 %","394,193.00"
"SANIMA","2021-07-22","529","550.8","526.1","544","3.21 %","367,137.00"
"SANIMA","2021-07-20","520","530","513","527.1","1.56 %","223,956.00"
"SANIMA","2021-07-19","525","532.5","514","519","0.78 %","402,446.00"
"SANIMA","2021-07-18","493","520","493","515","6.19 %","443,763.00"
"SANIMA","2021-07-15","484","489","477","485","0.41 %","138,840.00"
"SANIMA","2021-07-14","492","492","480","483","-1.02 %","110,281.00"
"SANIMA","2021-07-13","484","489","480","488","1.24 %","72,289.00"
"SANIMA","2021-07-12","491","496","479","482","-1.43 %","166,616.00"
"SANIMA","2021-07-11","479","490","478","489","2.52 %","156,924.00"
"SANIMA","2021-07-08","470","478","467","477","1.49 %","128,759.00"
"SANIMA","2021-07-07","475","475","469","470","-0.42 %","83,092.00"
"SANIMA","2021-07-06","470","474","467","472","0.85 %","68,185.00"
"SANIMA","2021-07-05","470","475","466","468","-0.43 %","97,959.00"
"SANIMA","2021-07-04","472","478","469","470","-0.42 %","85,171.00"
"SANIMA","2021-07-01","475","479","470","472","0.43 %","103,634.00"
"SANIMA","2021-06-30","476","476","465","470","-0.84 %","108,922.00"
"SANIMA","2021-06-29","487","488","471","474","-1.25 %","95,997.00"
"SANIMA","2021-06-28","487","489","479","480","0.21 %","122,358.00"
"SANIMA","2021-06-27","492","492","463","479","2.13 %","180,637.00"
"SANIMA","2021-06-24","468","473","465","469","-0.64 %","167,151.00"
"SANIMA","2021-06-23","493","493","470","472","-2.68 %","146,612.00"
"SANIMA","2021-06-22","470","486","460","485","3.85 %","210,521.00"
"SANIMA","2021-06-21","480","488","465","467","-2.71 %","300,190.00"
"SANIMA","2021-06-20","490","496","475","480","-2.04 %","252,182.00"
"SANIMA","2021-06-17","500","501","485","490","-0.41 %","146,256.00"
"SANIMA","2021-06-16","498","508","487","492","-1.20 %","257,288.00"
"SANIMA","2021-06-15","500","512","495","498","0.00 %","388,751.00"
"SANIMA","2021-06-14","480","503","480","498","3.97 %","358,350.00"
"SANIMA","2021-06-13","474","481","474","479","1.05 %","220,814.00"
"SANIMA","2021-06-10","477","485","470","474","-1.04 %","247,600.00"
"SANIMA","2021-06-09","485","493","477","479","-0.01 %","192,759.00"
"SANIMA","2021-06-08","480","491","476","486","1.46 %","316,013.00"
"SANIMA","2021-06-07","498","498","475","479","-2.24 %","374,620.00"
"SANIMA","2021-06-06","475","497","473","490","4.70 %","506,918.00"
"SANIMA","2021-06-03","450","470","445","468","4.93 %","557,072.00"
"SANIMA","2021-06-02","442","448","437","446","0.90 %","159,780.00"
"SANIMA","2021-06-01","455","455","435","442","-0.45 %","192,795.00"
"SANIMA","2021-05-31","450","460","442","444","-0.67 %","319,523.00"
"SANIMA","2021-05-30","440","457","435","447","3.47 %","376,374.00"
"SANIMA","2021-05-27","410","432","410","432","0.93 %","263,378.00"
"SANIMA","2021-05-25","443","443","425","428","-2.06 %","339,818.00"
"SANIMA","2021-05-24","443","444","433","437","0.46 %","378,247.00"
"SANIMA","2021-05-23","424","436","414","435","2.59 %","251,636.00"
"SANIMA","2021-05-20","420","426","420","424","1.44 %","164,305.00"
"SANIMA","2021-05-19","420","430","418","418","0.00 %","314,028.00"
"SANIMA","2021-05-18","420","420","415","418","0.48 %","255,896.00"
"SANIMA","2021-05-17","410","419","408","416","2.46 %","438,810.00"
"SANIMA","2021-05-16","405","407","400","406","2.01 %","240,954.00"
"SANIMA","2021-05-13","400","402","397","398","-0.50 %","94,261.00"
"SANIMA","2021-05-12","403","403","398","400","-0.50 %","100,537.00"
"SANIMA","2021-05-11","403","405","398","402","0.50 %","97,113.00"
"SANIMA","2021-05-10","394","401","394","400","1.27 %","159,283.00"
"SANIMA","2021-05-09","400","401","392","395","-0.25 %","147,654.00"
"SANIMA","2021-05-06","400","400","393","396","0.25 %","119,225.00"
"SANIMA","2021-05-05","400","400","394","395","0.00 %","117,527.00"
"SANIMA","2021-05-04","392","398","391","395","-0.25 %","90,664.00"
"SANIMA","2021-05-03","402","409","394","396","-1.49 %","292,782.00"
"SANIMA","2021-05-02","400","403","393","402","2.03 %","365,719.00"
"SANIMA","2021-04-29","397","397","378","394","3.96 %","252,979.00"
"SANIMA","2021-04-28","390","390","376","379","1.34 %","204,886.00"
"SANIMA","2021-04-27","375","375","360","374","3.31 %","101,719.00"
"SANIMA","2021-04-26","365","370","361","362","-1.90 %","105,360.00"
"SANIMA","2021-04-25","382","382","368","369","-2.89 %","119,058.00"
"SANIMA","2021-04-22","395","395","374","380","0.80 %","81,069.00"
"SANIMA","2021-04-21","388","391","375","377","-2.58 %","109,867.00"
"SANIMA","2021-04-20","389","392","385","387","-0.51 %","80,484.00"
"SANIMA","2021-04-19","395","400","387","389","-1.77 %","179,999.00"
"SANIMA","2021-04-18","408","415","395","396","-1.00 %","324,364.00"
"SANIMA","2021-04-15","399","414","397","400","1.78 %","315,442.00"
"SANIMA","2021-04-13","386","394","385","393","2.34 %","197,915.00"
"SANIMA","2021-04-12","380","385","378","384","1.59 %","190,624.00"
"SANIMA","2021-04-08","380","386","375","378","-0.26 %","128,336.00"
"SANIMA","2021-04-07","385","385","370","379","0.80 %","179,333.00"
"SANIMA","2021-04-06","370","376","370","376","0.27 %","86,908.00"
"SANIMA","2021-04-05","382","382","373","375","-0.79 %","132,289.00"
"SANIMA","2021-04-04","381","381","374","378","0.53 %","136,635.00"
"SANIMA","2021-04-01","381","382","375","376","0.00 %","143,587.00"
"SANIMA","2021-03-31","370","378","367","376","1.90 %","138,033.00"
"SANIMA","2021-03-30","358","370","358","369","2.79 %","160,778.00"
"SANIMA","2021-03-29","362","362","358","359","-0.28 %","40,275.00"
"SANIMA","2021-03-25","364","367","360","360","-1.10 %","100,605.00"
"SANIMA","2021-03-24","356","365","356","364","2.25 %","75,669.00"
"SANIMA","2021-03-23","357","360","356","356","-0.84 %","36,436.00"
"SANIMA","2021-03-22","370","370","356","359","-1.64 %","35,065.00"
"SANIMA","2021-03-21","354","367","354","365","1.39 %","53,122.00"
"SANIMA","2021-03-18","356","364","356","360","1.12 %","60,037.00"
"SANIMA","2021-03-17","352","358","350","356","1.14 %","39,885.00"
"SANIMA","2021-03-16","350","357","348","352","0.57 %","48,670.00"
"SANIMA","2021-03-15","355","360","347","350","-0.28 %","69,635.00"
"SANIMA","2021-03-14","355","357","350","351","-2.23 %","81,663.00"
"SANIMA","2021-03-10","364","364","355","359","-0.28 %","58,494.00"
"SANIMA","2021-03-09","365","365","358","360","-1.10 %","73,368.00"
"SANIMA","2021-03-08","377","377","363","364","-1.62 %","72,575.00"
"SANIMA","2021-03-04","382","382","365","370","1.65 %","140,969.00"
"SANIMA","2021-03-03","348","377","345","364","2.82 %","205,959.00"
"SANIMA","2021-03-02","372","372","354","354","-3.80 %","136,420.00"
"SANIMA","2021-03-01","364","372","358","368","0.00 %","175,545.00"
"SANIMA","2021-02-28","370","373","364","364","-2.41 %","165,028.00"
"SANIMA","2021-02-25","380","381","371","373","0.00 %","96,853.00"
"SANIMA","2021-02-24","376","390","374","378","0.27 %","112,508.00"
"SANIMA","2021-02-23","382","382","369","377","-1.31 %","159,540.00"
"SANIMA","2021-02-22","391","393","377","382","-2.80 %","270,912.00"
"SANIMA","2021-02-21","400","402","390","393","-0.01 %","225,576.00"
"SANIMA","2021-02-18","411","411","391","399","0.02 %","244,100.00"
"SANIMA","2021-02-17","405","405","384","392","0.02 %","291,164.00"
"SANIMA","2021-02-16","382","394","378","386","0.02 %","349,485.00"
"SANIMA","2021-02-15","373","382","369","378","0.03 %","188,528.00"
"SANIMA","2021-02-14","374","374","365","366","-0.02 %","102,420.00"
"SANIMA","2021-02-11","380","381","371","373","-0.01 %","279,098.00"
"SANIMA","2021-02-10","372","380","365","375","0.00 %","141,012.00"
"SANIMA","2021-02-09","385","387","364","365","-0.04 %","167,735.00"
"SANIMA","2021-02-08","358","392","356","379","0.06 %","335,156.00"
"SANIMA","2021-02-07","358","364","355","357","-0.00 %","105,210.00"
"SANIMA","2021-02-04","348","358","343","358","0.03 %","157,185.00"
"SANIMA","2021-02-03","350","364","347","348","-0.00 %","169,794.00"
"SANIMA","2021-02-02","343","348","340","347","0.02 %","180,367.00"
"SANIMA","2021-02-01","340","345","336","341","0.01 %","96,359.00"
"SANIMA","2021-01-31","343","345","336","337","-0.02 %","113,192.00"
"SANIMA","2021-01-28","350","352","342","343","-0.03 %","130,913.00"
"SANIMA","2021-01-27","357","361","351","352","-0.02 %","154,145.00"
"SANIMA","2021-01-26","367","367","360","361","-0.01 %","101,916.00"
"SANIMA","2021-01-25","363","368","360","364","0.00 %","99,227.00"
"SANIMA","2021-01-24","364","372","360","363","0.01 %","134,985.00"
"SANIMA","2021-01-21","360","363","355","358","-0.01 %","95,967.00"
"SANIMA","2021-01-20","356","363","356","360","0.01 %","98,761.00"
"SANIMA","2021-01-19","345","368","345","358","-0.01 %","152,623.00"
"SANIMA","2021-01-18","348","370","348","363","0.00 %","159,741.00"
"SANIMA","2021-01-17","375","375","362","363","-0.01 %","80,636.00"
"SANIMA","2021-01-13","376","376","367","368","-0.00 %","125,662.00"
"SANIMA","2021-01-12","391","391","365","369","-0.01 %","116,392.00"
"SANIMA","2021-01-11","376","380","370","373","-0.01 %","317,756.00"
"SANIMA","2021-01-10","376","382","363","376","0.00 %","304,238.00"
"SANIMA","2021-01-07","376","376","352","376","0.05 %","351,392.00"
"SANIMA","2021-01-06","345","365","345","359","0.04 %","429,292.00"
"SANIMA","2021-01-05","335","345","334","344","0.01 %","228,426.00"
"SANIMA","2021-01-04","335","347","335","339","0.03 %","261,807.00"
"SANIMA","2021-01-03","327","340","323","329","0.02 %","314,873.00"
"SANIMA","2020-12-31","315","327","313","321","0.03 %","215,881.00"
"SANIMA","2020-12-30","310","312","308","311","0.00 %","68,267.00"
"SANIMA","2020-12-29","309","312","309","310","-0.01 %","57,343.00"
"SANIMA","2020-12-28","310","314","310","312","-0.00 %","58,241.00"
"SANIMA","2020-12-27","318","318","310","313","0.00 %","72,747.00"
"SANIMA","2020-12-24","316","317","312","312","-0.01 %","79,537.00"
"SANIMA","2020-12-23","316","322","316","316","0.01 %","132,329.00"
"SANIMA","2020-12-22","313","316","308","313","0.02 %","130,399.00"
"SANIMA","2020-12-21","300","311","300","307","-0.00 %","147,953.00"
"SANIMA","2020-12-20","310","317","308","308","-0.03 %","150,539.00"
"SANIMA","2020-12-17","319","319","314","316","0.00 %","86,095.00"
"SANIMA","2020-12-16","334","334","315","315","-0.01 %","62,605.00"
"SANIMA","2020-12-15","334","334","318","319","0.00 %","107,087.00"
"SANIMA","2020-12-14","318","324","318","319","0.00 %","106,664.00"
"SANIMA","2020-12-13","313","318","312","318","0.02 %","88,282.00"
"SANIMA","2020-12-10","312","314","310","313","0.00 %","62,228.00"
"SANIMA","2020-12-09","316","316","312","312","-0.01 %","49,519.00"
"SANIMA","2020-12-08","320","322","315","316","-0.01 %","36,076.00"
"SANIMA","2020-12-07","318","324","311","319","0.02 %","61,452.00"
"SANIMA","2020-12-06","320","320","311","312","-0.03 %","108,674.00"
"SANIMA","2020-12-03","330","330","321","322","-0.01 %","101,063.00"
"SANIMA","2020-12-02","325","330","323","325","-0.00 %","129,989.00"
"SANIMA","2020-12-01","336","336","323","326","-0.03 %","111,587.00"
"SANIMA","2020-11-30","350","364","329","335","-0.02 %","206,797.00"
"SANIMA","2020-11-29","321","352","321","343","0.07 %","232,208.00"
"SANIMA","2020-11-26","320","328","317","321","0.01 %","195,812.00"
"SANIMA","2020-11-25","326","326","312","317","0.02 %","96,269.00"
"SANIMA","2020-11-24","315","316","311","312","-0.01 %","64,248.00"
"SANIMA","2020-11-23","320","320","313","314","-0.01 %","71,053.00"
"SANIMA","2020-11-22","320","322","314","316","0.00 %","68,077.00"
"SANIMA","2020-11-19","317","317","312","315","0.00 %","70,587.00"
"SANIMA","2020-11-18","322","322","308","316","0.00 %","62,997.00"
"SANIMA","2020-11-12","320","322","315","320","- %","70,725.00"
"SANIMA","2020-11-11","313","316","310","316","1.28 %","71,190.00"
"SANIMA","2020-11-10","314","316","307","312","0.97 %","76,038.00"
"SANIMA","2020-11-09","310","314","307","309","-0.32 %","93,281.00"
"SANIMA","2020-11-08","328","328","308","310","-0.96 %","181,586.00"
"SANIMA","2020-11-05","333","333","312","313","-1.57 %","66,297.00"
"SANIMA","2020-11-04","336","336","317","318","-0.62 %","33,556.00"
"SANIMA","2020-11-03","325","326","318","320","-0.62 %","47,826.00"
"SANIMA","2020-11-02","325","326","321","322","0.62 %","109,052.00"
"SANIMA","2020-11-01","372","372","351","352","-0.85 %","283,308.00"
"SANIMA","2020-10-29","360","365","350","355","-0.56 %","149,951.00"
"SANIMA","2020-10-28","347","359","340","357","4.69 %","109,867.00"
"SANIMA","2020-10-22","343","343","340","341","-0.29 %","53,142.00"
"SANIMA","2020-10-21","342","343","339","342","0.59 %","30,047.00"
"SANIMA","2020-10-20","341","344","337","340","0.00 %","20,746.00"
"SANIMA","2020-10-19","340","340","336","340","0.00 %","30,057.00"
"SANIMA","2020-10-18","362","362","337","340","-1.45 %","36,630.00"
"SANIMA","2020-10-15","350","350","343","345","0.00 %","64,652.00"
"SANIMA","2020-10-14","346","359","344","345","1.47 %","208,273.00"
"SANIMA","2020-10-13","341","344","339","340","-0.29 %","35,556.00"
"SANIMA","2020-10-12","339","341","338","341","0.00 %","31,337.00"
"SANIMA","2020-10-11","347","347","338","341","-0.87 %","50,866.00"
"SANIMA","2020-10-08","349","351","341","344","-0.86 %","85,868.00"
"SANIMA","2020-10-07","346","347","341","347","0.87 %","58,162.00"
"SANIMA","2020-10-06","344","345","343","344","-0.29 %","24,422.00"
"SANIMA","2020-10-05","345","348","344","345","0.29 %","32,804.00"
"SANIMA","2020-10-04","347","352","343","344","0.88 %","46,680.00"
"SANIMA","2020-10-01","345","345","339","341","0.59 %","34,784.00"
"SANIMA","2020-09-30","339","342","336","339","-0.59 %","35,431.00"
"SANIMA","2020-09-29","343","343","339","341","-0.58 %","15,279.00"
"SANIMA","2020-09-28","345","347","343","343","-0.87 %","28,675.00"
"SANIMA","2020-09-27","343","348","343","346","0.58 %","32,269.00"
"SANIMA","2020-09-24","362","362","341","344","-0.29 %","17,914.00"
"SANIMA","2020-09-23","338","345","337","345","1.47 %","32,514.00"
"SANIMA","2020-09-22","350","350","340","340","-2.30 %","39,719.00"
"SANIMA","2020-09-21","351","352","346","348","-0.85 %","51,398.00"
"SANIMA","2020-09-20","354","360","349","351","0.86 %","66,577.00"
"SANIMA","2020-09-17","350","350","341","348","1.46 %","66,025.00"
"SANIMA","2020-09-16","343","344","339","343","0.00 %","31,247.00"
"SANIMA","2020-09-15","348","349","340","343","-0.58 %","23,026.00"
"SANIMA","2020-09-14","339","350","338","345","2.07 %","30,992.00"
"SANIMA","2020-09-13","339","340","333","338","-0.29 %","63,808.00"
"SANIMA","2020-09-10","346","346","337","339","-0.29 %","31,056.00"
"SANIMA","2020-09-09","335","346","335","340","0.00 %","24,172.00"
"SANIMA","2020-09-08","344","344","338","340","-1.16 %","17,965.00"
"SANIMA","2020-09-07","347","347","343","344","-1.43 %","21,519.00"
"SANIMA","2020-09-06","355","359","348","349","-0.85 %","46,651.00"
"SANIMA","2020-09-03","356","359","351","352","-0.56 %","30,305.00"
"SANIMA","2020-09-02","353","357","347","354","1.72 %","62,413.00"
"SANIMA","2020-08-31","349","357","347","348","-0.57 %","51,664.00"
"SANIMA","2020-08-30","349","352","344","350","0.29 %","42,053.00"
"SANIMA","2020-08-27","353","359","348","349","-1.97 %","50,165.00"
"SANIMA","2020-08-26","342","356","340","356","4.40 %","70,492.00"
"SANIMA","2020-08-25","343","345","338","341","0.00 %","19,559.00"
"SANIMA","2020-08-24","335","342","334","341","2.10 %","24,033.00"
"SANIMA","2020-08-23","330","335","330","334","1.21 %","9,744.00"
"SANIMA","2020-08-20","332","334","329","330","-0.30 %","17,064.00"
"SANIMA","2020-08-19","333","334","329","331","-1.19 %","22,261.00"
"SANIMA","2020-08-18","339","339","334","335","-0.89 %","26,555.00"
"SANIMA","2020-08-17","343","343","335","338","0.30 %","12,060.00"
"SANIMA","2020-08-16","345","345","330","337","-2.32 %","28,050.00"
"SANIMA","2020-08-13","352","352","343","345","-1.99 %","21,751.00"
"SANIMA","2020-08-12","345","352","340","352","0.86 %","28,714.00"
"SANIMA","2020-08-11","350","354","349","349","0.00 %","18,718.00"
"SANIMA","2020-08-10","335","351","340","349","2.65 %","34,049.00"
"SANIMA","2020-08-09","338","340","333","340","-0.87 %","17,245.00"
"SANIMA","2020-08-06","341","345","336","343","0.00 %","30,337.00"
"SANIMA","2020-08-05","348","352","342","343","-3.38 %","40,463.00"
"SANIMA","2020-08-03","344","362","344","355","1.43 %","32,827.00"
"SANIMA","2020-08-02","360","360","350","350","-3.31 %","39,308.00"
"SANIMA","2020-07-30","364","366","358","362","-0.28 %","30,440.00"
"SANIMA","2020-07-29","365","370","362","363","-2.16 %","50,086.00"
"SANIMA","2020-07-28","371","375","363","371","0.00 %","37,729.00"
"SANIMA","2020-07-27","370","374","370","371","0.54 %","47,333.00"
"SANIMA","2020-07-26","371","376","366","369","0.82 %","46,990.00"
"SANIMA","2020-07-23","365","369","361","366","-0.27 %","30,954.00"
"SANIMA","2020-07-22","370","374","362","367","0.00 %","45,362.00"
"SANIMA","2020-07-21","374","389","362","367","-1.87 %","86,705.00"
"SANIMA","2020-07-20","390","409","373","374","0.54 %","170,489.00"
"SANIMA","2020-07-19","351","372","351","372","7.83 %","437.00"
"SANIMA","2020-07-16","333","354","332","345","4.55 %","51,675.00"
"SANIMA","2020-07-15","328","338","327","330","0.92 %","20,057.00"
"SANIMA","2020-07-14","328","331","326","327","0.00 %","34,079.00"
"SANIMA","2020-07-13","320","332","320","327","0.62 %","12,271.00"
"SANIMA","2020-07-12","325","327","320","325","0.62 %","24,763.00"
"SANIMA","2020-07-09","316","327","315","323","0.94 %","25,699.00"
"SANIMA","2020-07-08","326","328","319","320","-1.54 %","20,288.00"
"SANIMA","2020-07-07","324","330","318","325","1.88 %","21,134.00"
"SANIMA","2020-07-06","318","321","310","319","2.24 %","29,742.00"
"SANIMA","2020-07-05","310","322","310","312","-1.27 %","46,767.00"
"SANIMA","2020-07-02","341","341","307","316","-7.33 %","36,407.00"
"SANIMA","2020-07-01","330","344","330","341","4.60 %","13,241.00"
"SANIMA","2020-06-30","305","326","305","326","6.89 %","7,122.00"
"SANIMA","2020-06-29","312","312","287","305","-4.09 %","25,965.00"
"SANIMA","2020-05-12","318","318","318","318","-1.85 %","25.00"
"SANIMA","2020-03-22","326","332","317","324","1.25 %","11,110.00"
"SANIMA","2020-03-19","315","330","303","320","-1.54 %","97,174.00"
"SANIMA","2020-03-18","322","331","308","325","0.00 %","45,474.00"
"SANIMA","2020-03-17","334","338","324","325","-2.99 %","79,997.00"
"SANIMA","2020-03-16","334","345","331","335","0.00 %","82,569.00"
"SANIMA","2020-03-15","343","349","335","335","-4.01 %","115,425.00"
"SANIMA","2020-03-12","367","373","349","349","-3.06 %","90,904.00"
"SANIMA","2020-03-11","348","369","341","360","4.96 %","112,939.00"
"SANIMA","2020-03-10","357","362","343","343","-5.77 %","65,117.00"
"SANIMA","2020-03-05","363","375","356","364","-1.36 %","70,333.00"
"SANIMA","2020-03-04","383","388","368","369","-4.40 %","127,334.00"
"SANIMA","2020-03-03","380","398","365","386","1.58 %","149,344.00"
"SANIMA","2020-03-02","410","410","380","380","-8.21 %","116,890.00"
"SANIMA","2020-03-01","424","436","410","414","-2.36 %","208,901.00"
"SANIMA","2020-02-27","399","437","390","424","6.27 %","215,520.00"
"SANIMA","2020-02-26","400","405","395","399","1.27 %","117,668.00"
"SANIMA","2020-02-25","390","399","380","394","1.03 %","56,273.00"
"SANIMA","2020-02-24","387","405","382","390","0.78 %","137,550.00"
"SANIMA","2020-02-23","360","390","360","387","9.01 %","154,623.00"
"SANIMA","2020-02-20","357","358","354","355","-0.56 %","54,743.00"
"SANIMA","2020-02-19","352","359","352","357","0.00 %","27,725.00"
"SANIMA","2020-02-18","360","365","355","357","0.56 %","75,687.00"
"SANIMA","2020-02-17","350","357","347","355","3.20 %","82,075.00"
"SANIMA","2020-02-16","343","348","341","344","0.00 %","29,574.00"
"SANIMA","2020-02-13","347","350","344","344","-1.43 %","27,164.00"
"SANIMA","2020-02-12","350","352","348","349","0.29 %","39,018.00"
"SANIMA","2020-02-11","343","349","343","348","1.75 %","27,438.00"
"SANIMA","2020-02-10","341","346","340","342","0.59 %","25,325.00"
"SANIMA","2020-02-09","342","346","340","340","-1.73 %","17,615.00"
"SANIMA","2020-02-06","342","348","342","346","-0.57 %","27,650.00"
"SANIMA","2020-02-05","350","351","346","348","-0.29 %","12,466.00"
"SANIMA","2020-02-04","348","354","348","349","-1.13 %","21,198.00"
"SANIMA","2020-02-03","359","359","352","353","-0.56 %","41,194.00"
"SANIMA","2020-02-02","353","356","350","355","2.31 %","55,074.00"
"SANIMA","2020-01-30","343","350","343","347","1.17 %","23,739.00"
"SANIMA","2020-01-29","347","347","342","343","-0.87 %","17,917.00"
"SANIMA","2020-01-28","353","353","343","346","-1.14 %","39,218.00"
"SANIMA","2020-01-27","346","350","345","350","0.86 %","22,763.00"
"SANIMA","2020-01-26","345","348","342","347","0.29 %","17,650.00"
"SANIMA","2020-01-23","350","352","345","346","-1.70 %","23,388.00"
"SANIMA","2020-01-22","353","353","346","352","-0.28 %","11,912.00"
"SANIMA","2020-01-21","349","353","346","353","0.57 %","20,508.00"
"SANIMA","2020-01-20","360","365","350","350","-2.23 %","72,823.00"
"SANIMA","2020-01-19","353","359","351","358","2.58 %","58,480.00"
"SANIMA","2020-01-16","357","360","349","349","-0.29 %","50,338.00"
"SANIMA","2020-01-15","342","352","340","350","2.04 %","42,788.00"
"SANIMA","2020-01-14","346","346","339","343","-0.87 %","32,388.00"
"SANIMA","2020-01-13","342","350","336","346","1.47 %","46,070.00"
"SANIMA","2020-01-12","335","341","332","341","3.33 %","31,499.00"
"SANIMA","2020-01-09","327","333","325","330","0.92 %","21,136.00"
"SANIMA","2020-01-08","337","337","327","327","-2.10 %","37,066.00"
"SANIMA","2020-01-07","331","338","327","334","2.45 %","59,699.00"
"SANIMA","2020-01-06","321","327","321","326","2.52 %","28,001.00"
"SANIMA","2020-01-05","313","321","313","318","1.60 %","15,644.00"
"SANIMA","2020-01-02","311","313","311","313","0.00 %","11,998.00"
"SANIMA","2020-01-01","314","314","312","313","0.00 %","5,127.00"
"SANIMA","2019-12-31","313","315","312","313","0.00 %","15,113.00"
"SANIMA","2019-12-30","310","313","310","313","0.64 %","14,227.00"
"SANIMA","2019-12-29","314","314","311","311","-0.96 %","6,143.00"